lat,lon,name,loc,image,is_selected
12.9086641,77.6341012,"TOSTEM STUDIO, Right Work Decor",Banglore,tostem.png,TRUE
11.7930531,78.1986211,,,we.png,FALSE
13.0068416,77.4664326,,,we.png,FALSE
13.02088833,77.57702637,,,we.png,FALSE
13.1555187,77.7027646,,,we.png,FALSE
13.2051834,77.6346812,,,we.png,FALSE
13.0076284,77.5776711,,,we.png,FALSE
12.7918606,77.6991081,,,we.png,FALSE
13.1550655,78.7565545,,,we.png,FALSE
12.8754141,77.8095075,,,we.png,FALSE
12.9334518,77.4826652,,,we.png,FALSE
12.8651613,77.7696325,,,we.png,FALSE
12.9714369,77.7127464,,,we.png,FALSE
13.1101795,77.6033659,,,we.png,FALSE
13.003545,77.7403,,,we.png,FALSE
12.84354,77.671208,,,we.png,FALSE
12.927701,77.5750838,,,we.png,FALSE
12.968814,77.7454033,,,we.png,FALSE
12.8406267,77.6179025,,,we.png,FALSE
12.92775,77.57509,,,we.png,FALSE
12.9763224,77.7588291,,,we.png,FALSE
12.9595029,77.7407826,,,we.png,FALSE
12.9947791,77.6632832,,,we.png,FALSE
12.9202547,77.578785,,,we.png,FALSE
12.961368,77.7178001,,,we.png,FALSE
13.1242679,77.6388936,,,we.png,FALSE
12.9448311,77.6497904,,,we.png,FALSE
12.882127,77.5364721,,,we.png,FALSE
12.8269706,77.7751426,,,we.png,FALSE
12.943484,77.7814798,,,we.png,FALSE
12.8482369,77.6947387,,,we.png,FALSE
12.783997,77.6235851,,,we.png,FALSE
12.9034391,77.6305436,,,we.png,FALSE
12.9490082,77.6891646,,,we.png,FALSE
13.2332768,77.6960146,,,we.png,FALSE
12.127599,78.156507,,,we.png,FALSE
12.9045112,77.591841,,,we.png,FALSE
12.913309,77.63617,,,we.png,FALSE
13.2907785,77.5425602,,,we.png,FALSE
12.9757714,77.5982357,,,we.png,FALSE
12.9417318,77.7839961,,,we.png,FALSE
12.9614549,77.7108679,,,we.png,FALSE
12.8329644,77.6734384,,,we.png,FALSE
13.0589184,77.6383726,,,we.png,FALSE
12.3311415,76.5760079,,,we.png,FALSE
12.7083397,77.8048439,,,we.png,FALSE
13.0240781,77.6944023,,,we.png,FALSE
13.0810622,77.5599743,,,we.png,FALSE
13.144504,77.6375391,,,we.png,FALSE
13.0461089,77.5370364,,,we.png,FALSE
13.2321434,77.718258,,,we.png,FALSE
12.878015,77.779818,,,we.png,FALSE
12.7161944,77.7081298,,,we.png,FALSE
12.8279557,77.6812077,,,we.png,FALSE
12.9545883,77.5845823,,,we.png,FALSE
12.3020614,76.6337615,,,we.png,FALSE
12.9587551,77.6596347,,,we.png,FALSE
13.2066375,77.6467344,,,we.png,FALSE
13.1284523,76.247684,,,we.png,FALSE
13.0383282,77.5600548,,,we.png,FALSE
12.8419107,77.727821,,,we.png,FALSE
12.9311334,77.5023406,,,we.png,FALSE
12.9112902,77.6835943,,,we.png,FALSE
12.1264702,78.1599496,,,we.png,FALSE
13.2051346,77.6348525,,,we.png,FALSE
12.8424164,77.7269854,,,we.png,FALSE
13.0593932,77.5902485,,,we.png,FALSE
12.95927,77.6650654,,,we.png,FALSE
12.9460469,77.5751775,,,we.png,FALSE
12.8379199,77.6741977,,,we.png,FALSE
12.8687106,77.6377785,,,we.png,FALSE
12.895533,77.5196551,,,we.png,FALSE
12.98744,77.7013665,,,we.png,FALSE
12.9204143,77.6879094,,,we.png,FALSE
13.1375046,77.7660827,,,we.png,FALSE
12.927571,77.5147039,,,we.png,FALSE
13.0068789,77.5488691,,,we.png,FALSE
12.9136801,77.6668205,,,we.png,FALSE
12.801538,77.692504,,,we.png,FALSE
12.846298,77.8131011,,,we.png,FALSE
12.9723166,77.6317442,,,we.png,FALSE
12.8902363,77.6906436,,,we.png,FALSE
12.901191,77.5298249,,,we.png,FALSE
12.9107686,77.6322957,,,we.png,FALSE
12.9872188,77.6476701,,,we.png,FALSE
12.838972,77.701343,,,we.png,FALSE
13.338585,77.989387,,,we.png,FALSE
12.8770203,77.763573,,,we.png,FALSE
12.8763612,77.785889,,,we.png,FALSE
12.911088,77.592515,,,we.png,FALSE
13.3974462,78.0546843,,,we.png,FALSE
13.1919355,77.5516243,,,we.png,FALSE
12.891905,77.6895859,,,we.png,FALSE
12.8928481,77.5465359,,,we.png,FALSE
12.9160258,77.6530996,,,we.png,FALSE
12.9839842,77.6898461,,,we.png,FALSE
13.0289102,77.5171097,,,we.png,FALSE
12.9736995,77.6018013,,,we.png,FALSE
14.236078,76.406417,,,we.png,FALSE
12.9255494,77.5219124,,,we.png,FALSE
12.8769603,77.7661004,,,we.png,FALSE
13.410757,77.699673,,,we.png,FALSE
12.9144213,77.7104465,,,we.png,FALSE
12.9595029,77.7382077,,,we.png,FALSE
12.9758915,77.7540965,,,we.png,FALSE
12.9139066,77.649957,,,we.png,FALSE
12.9012541,77.6534942,,,we.png,FALSE
12.9744205,77.7017658,,,we.png,FALSE
12.901905,77.638513,,,we.png,FALSE
12.932709,77.635736,,,we.png,FALSE
12.8601381,77.6479385,,,we.png,FALSE
12.9927421,77.5704976,,,we.png,FALSE
13.0127009,77.5773673,,,we.png,FALSE
12.8834238,77.6448174,,,we.png,FALSE
12.9129744,77.6421572,,,we.png,FALSE
13.7836032,77.7759794,,,we.png,FALSE
12.9503738,77.5696171,,,we.png,FALSE
12.9818066,77.6987628,,,we.png,FALSE
13.0259146,77.5995114,,,we.png,FALSE
13.128521,76.249919,,,we.png,FALSE
13.064399,77.53654,,,we.png,FALSE
13.0834955,77.6394568,,,we.png,FALSE
12.9557047,77.5608025,,,we.png,FALSE
13.038328,77.562614,,,we.png,FALSE
12.875385,77.8121151,,,we.png,FALSE
13.782839,77.792872,,,we.png,FALSE
12.8146875,77.6501875,,,we.png,FALSE
12.8892255,77.7907485,,,we.png,FALSE
12.893118,77.687866,,,we.png,FALSE
12.8400114,77.8063851,,,we.png,FALSE
12.914542,77.6454533,,,we.png,FALSE
12.919199,77.666544,,,we.png,FALSE
10.8424746,76.5477281,,,we.png,FALSE
13.0634744,77.6237617,,,we.png,FALSE
12.9093009,77.6464066,,,we.png,FALSE
12.9366826,77.5466524,,,we.png,FALSE
13.1379367,77.5855347,,,we.png,FALSE
12.9057137,77.5724724,,,we.png,FALSE
12.824852,77.6910817,,,we.png,FALSE
12.8339264,77.743279,,,we.png,FALSE
12.8274114,77.6236606,,,we.png,FALSE
12.8949853,77.7044285,,,we.png,FALSE
12.803814,77.620582,,,we.png,FALSE
13.3978125,78.0551094,,,we.png,FALSE
12.900608,79.12928,,,we.png,FALSE
12.7943173,75.8970381,,,we.png,FALSE
12.7076595,77.8080806,,,we.png,FALSE
13.070384,77.5970515,,,we.png,FALSE
13.0278211,77.6671257,,,we.png,FALSE
13.191936,77.554199,,,we.png,FALSE
12.920512,77.586448,,,we.png,FALSE
13.0259016,77.5171095,,,we.png,FALSE
12.8610564,77.6020816,,,we.png,FALSE
12.8429815,77.8133197,,,we.png,FALSE
12.8830119,77.6294434,,,we.png,FALSE
12.905865,77.528468,,,we.png,FALSE
12.9543592,77.5845407,,,we.png,FALSE
12.8933363,77.6986536,,,we.png,FALSE
12.910592,77.6372224,,,we.png,FALSE
11.915832,76.942131,,,we.png,FALSE
12.9220284,77.5234897,,,we.png,FALSE
10.770817,76.651256,,,we.png,FALSE
12.7409321,77.7088754,,,we.png,FALSE
12.9151765,77.6541046,,,we.png,FALSE
12.861643,77.673066,,,we.png,FALSE
12.9204142,77.6879092,,,we.png,FALSE
12.7409321,77.7088754,,,we.png,FALSE
12.7409321,77.7088754,,,we.png,FALSE
12.977279,77.641986,,,we.png,FALSE
12.89791,77.659196,,,we.png,FALSE
12.7409321,77.7088754,,,we.png,FALSE
12.910592,77.6372224,,,we.png,FALSE
13.0660542,77.6239339,,,we.png,FALSE
12.8297222,77.6418056,,,we.png,FALSE
12.9200612,77.6893547,,,we.png,FALSE
12.7869158,77.6251185,,,we.png,FALSE
12.860569,77.512536,,,we.png,FALSE
12.792175,77.641821,,,we.png,FALSE
12.9254003,77.6279524,,,we.png,FALSE
12.910592,77.6372224,,,we.png,FALSE
13.065997,77.676366,,,we.png,FALSE
12.865546,77.597013,,,we.png,FALSE
12.8999811,77.6158909,,,we.png,FALSE
12.882287,77.7891951,,,we.png,FALSE
12.882235,77.7908347,,,we.png,FALSE
13.064018,77.753263,,,we.png,FALSE
12.8589307,77.7100412,,,we.png,FALSE
13.2043014,77.6458228,,,we.png,FALSE
12.910592,77.6372224,,,we.png,FALSE
12.910592,77.6372224,,,we.png,FALSE
12.878965,77.623047,,,we.png,FALSE
12.9182985,77.5833132,,,we.png,FALSE
11.679255,78.115622,,,we.png,FALSE
12.910592,77.6372224,,,we.png,FALSE
12.8605698,77.5099618,,,we.png,FALSE
12.8641836,77.5647041,,,we.png,FALSE
12.8641836,77.5647041,,,we.png,FALSE
12.8617808,77.7084792,,,we.png,FALSE
12.910592,77.6372224,,,we.png,FALSE
12.8770759,77.7661395,,,we.png,FALSE
12.8641836,77.5647041,,,we.png,FALSE
13.1926197,77.627238,,,we.png,FALSE
13.0875198,77.6192001,,,we.png,FALSE
12.845012,77.7250843,,,we.png,FALSE
12.845012,77.7250843,,,we.png,FALSE
12.8533518,77.7339095,,,we.png,FALSE
12.907926,77.6311371,,,we.png,FALSE
13.2043014,77.6458228,,,we.png,FALSE
12.8770759,77.7661395,,,we.png,FALSE
12.9643146,77.4915223,,,we.png,FALSE
12.9643146,77.4915223,,,we.png,FALSE
12.901261,77.700797,,,we.png,FALSE
12.8742517,77.5496169,,,we.png,FALSE
13.2043014,77.6458228,,,we.png,FALSE
13.0712207,77.4560829,,,we.png,FALSE
13.39523,78.0515161,,,we.png,FALSE
12.9235169,77.5491948,,,we.png,FALSE
12.851511,77.5564581,,,we.png,FALSE
13.1177676,77.5240889,,,we.png,FALSE
12.879536,77.690326,,,we.png,FALSE
12.936633,77.4848821,,,we.png,FALSE
12.910592,77.6372224,,,we.png,FALSE
12.910592,77.6372224,,,we.png,FALSE
12.873321,77.553916,,,we.png,FALSE
13.052533,77.621897,,,we.png,FALSE
13.2109454,77.6572897,,,we.png,FALSE
12.8961281,77.7146553,,,we.png,FALSE
13.2109454,77.6572897,,,we.png,FALSE
12.910592,77.6372224,,,we.png,FALSE
12.9315214,77.584095,,,we.png,FALSE
12.9440855,77.5437236,,,we.png,FALSE
12.8928254,77.6242505,,,we.png,FALSE
12.9750066,77.6358861,,,we.png,FALSE
12.170513,78.168747,,,we.png,FALSE
12.853683,77.559454,,,we.png,FALSE
12.8448903,77.7178752,,,we.png,FALSE
12.8770759,77.7661395,,,we.png,FALSE
12.909106,77.666067,,,we.png,FALSE
12.8770759,77.7661395,,,we.png,FALSE
12.9218027,77.5997587,,,we.png,FALSE
12.9218079,77.5971838,,,we.png,FALSE
12.9203292,77.6715954,,,we.png,FALSE
12.965803,77.7482881,,,we.png,FALSE
12.4005879,75.7678831,,,we.png,FALSE
12.8844125,77.6289565,,,we.png,FALSE
12.9118236,77.7540167,,,we.png,FALSE
12.8974471,77.7041845,,,we.png,FALSE
13.0785161,77.6336894,,,we.png,FALSE
12.894196,77.668466,,,we.png,FALSE
12.8768467,77.7866711,,,we.png,FALSE
12.8891554,77.6049767,,,we.png,FALSE
12.9141388,77.6248647,,,we.png,FALSE
12.910592,77.6372224,,,we.png,FALSE
12.77845,77.7390999,,,we.png,FALSE
12.955343,77.6477339,,,we.png,FALSE
12.8680699,77.5238532,,,we.png,FALSE
12.8732211,77.5940272,,,we.png,FALSE
12.928821,77.6681738,,,we.png,FALSE
12.8938809,77.5258827,,,we.png,FALSE
12.9266915,77.6747504,,,we.png,FALSE
12.8601381,77.6479385,,,we.png,FALSE
12.910592,77.6372224,,,we.png,FALSE
13.1215965,77.6037769,,,we.png,FALSE
13.1797575,77.5577866,,,we.png,FALSE
12.9252707,77.7861029,,,we.png,FALSE
13.0050961,77.7234706,,,we.png,FALSE
12.894087,77.66847,,,we.png,FALSE
12.8768467,77.7866711,,,we.png,FALSE
12.9249196,77.6316027,,,we.png,FALSE
12.98085,77.4853401,,,we.png,FALSE
12.8768467,77.7866711,,,we.png,FALSE
12.9204142,77.6879092,,,we.png,FALSE
12.950252,77.481403,,,we.png,FALSE
12.7835904,77.6621593,,,we.png,FALSE
12.9126795,77.6308862,,,we.png,FALSE
